filename,patient,y_true,y_pred,label_true,label_pred,confidence
ba191c04-4283-45aa-a3b1-abd544e1d138.jpg,2,16,17,OTHERCLASS,P1,0.8498315
9d673269-14a8-40db-98da-bd3a5ae03a71.jpg,2,16,16,OTHERCLASS,OTHERCLASS,0.99881774
d53f750a-fc38-47f9-8001-d487e3a5d582.jpg,2,17,6,P1,G1,0.6722293
a39a2625-ea0d-4547-9610-b1237e24bc40.jpg,2,6,6,G1,G1,0.974794
b9bea692-f9d7-4ab3-87b2-e8917976e094.jpg,2,11,12,L2,L3,0.60937834
a798857c-bd1a-4f23-99fa-95d319983475.jpg,2,2,2,A3,A3,0.6792486
d2b9980a-91cd-44f7-a97a-cb29622cd0d1.jpg,2,8,19,G3,P3,0.9701075
19fa935c-21d1-4479-b9b8-1e958a80cb2e.jpg,2,12,12,L3,L3,0.9997837
bc242716-85ce-46d5-8534-fecd4fc2706f.jpg,2,9,13,G4,L4,0.5079554
2079de00-526e-4214-8784-a19396a429ee.jpg,2,14,13,L5,L4,0.99628484
20e9a2ce-2b68-4ebe-a122-f472bfce792e.jpg,2,14,14,L5,L5,0.99697125
6d2252f4-651c-4490-9bd5-afca5a12befa.jpg,2,5,5,A6,A6,0.99914765
a2219aef-5879-40bd-9b0a-28d6a8e1ade6.jpg,8,16,16,OTHERCLASS,OTHERCLASS,0.99712855
4e5959fe-f520-486b-99a1-e976ff45d834.jpg,8,16,16,OTHERCLASS,OTHERCLASS,0.9999989
80a64068-0b9b-41db-b9e8-71f6f382cd4b.jpg,8,0,0,A1,A1,0.9688834
2cc14f04-c4ae-4529-9f34-950482aceb5e.jpg,8,10,10,L1,L1,0.88560677
213867cf-3753-4c35-9d0a-7797a7eadc2b.jpg,8,6,6,G1,G1,0.999295
a4c31a80-b955-4fe4-8414-ecd7efefbfb4.jpg,8,17,17,P1,P1,0.9560108
0c84d1ae-d1bd-4f54-ae7d-b87a7be75a1c.jpg,8,8,7,G3,G2,0.9136984
77bb547d-803a-4e9c-85df-09b5645b3d08.jpg,8,2,2,A3,A3,0.9839946
9d465dc1-38ef-4012-9b19-225e7d25ef87.jpg,8,19,7,P3,G2,0.43843228
9f8c328d-b3e1-4d98-89af-42828252ae09.jpg,8,12,18,L3,P2,0.9969421
5e18e1ef-4f3e-4ff5-b3f6-65979c92b959.jpg,8,8,19,G3,P3,0.577177
c1a358cf-7d8b-4790-bdcb-0a4cba1aef73.jpg,8,19,19,P3,P3,0.99949944
389223e6-f1ec-497c-890f-f6380ca89e21.jpg,8,9,9,G4,G4,0.71677786
0cf81590-ad66-4a14-be4f-2191f3fd5d22.jpg,8,14,14,L5,L5,0.5225612
cdc29b4a-7537-4bb4-8a4c-6819cf0b49fa.jpg,8,21,21,P5,P5,0.9996613
1b90ff93-df6c-4b0e-9640-ab425f2ecab2.jpg,8,5,5,A6,A6,1.0
d37ff351-cb2b-4468-b335-901005213394.jpg,8,15,15,L6,L6,0.9995245
0397df98-bb7d-4487-b1aa-c87b617f28e5.jpg,8,22,22,P6,P6,0.9999914
7a2174e7-2b11-4aac-8a35-e4181f94f0de.jpg,8,16,16,OTHERCLASS,OTHERCLASS,0.99624807
eeac90f6-83fb-4408-90c0-6221ded52661.jpg,12,6,6,G1,G1,0.99997354
726bea48-1335-4414-9724-fc0beafe0b2b.jpg,12,7,7,G2,G2,0.7094858
6bbba6a4-7552-4df8-9cc5-15f022381112.jpg,12,18,18,P2,P2,0.9633313
c743e8d4-b508-484a-bf24-f8eeba4b857a.jpg,12,2,2,A3,A3,0.99931896
95a26080-7048-4fa5-b99e-298313d894d1.jpg,12,8,8,G3,G3,0.8067463
5c297ed7-9543-431e-a925-da5147f64a33.jpg,12,12,12,L3,L3,0.99970704
42000aff-ae7c-4418-b342-8f034cd27865.jpg,12,19,19,P3,P3,0.9937556
8a38cfcf-ad6a-40f6-9527-5c0e5cbcd0a7.jpg,12,9,9,G4,G4,0.99680567
905e2504-d402-4b71-87d1-73d80536614f.jpg,12,9,3,G4,A4,0.9884737
6d206cff-995e-452b-a3fa-3849af748a5d.jpg,12,4,4,A5,A5,0.9997665
9876ac98-50ef-4d0b-8fb9-3f2e5da84e26.jpg,12,14,14,L5,L5,0.97189045
4a6d6858-3e54-4a43-bb29-313a0c1f21b8.jpg,12,21,21,P5,P5,0.99999654
52e2dde5-b98f-4f00-9a6c-505c20d341e1.jpg,12,5,5,A6,A6,0.99817836
d24d1b61-8aa3-44cb-ac86-d78d813d152f.jpg,12,15,15,L6,L6,0.9997305
8c8ef921-eb1d-4d99-a033-6bc616d828c1.jpg,12,22,22,P6,P6,0.58690804
78b6d701-ad55-4cae-80b9-1d0e51e4cab0.jpg,12,16,16,OTHERCLASS,OTHERCLASS,0.9998832
5404c6a6-be3d-408b-9142-8de471e465f7.jpg,19,0,10,A1,L1,0.8661058
e35f4cf8-cb80-470a-91f4-52dd1a4a4fd7.jpg,19,6,6,G1,G1,0.99838805
5321bcfc-136c-48fc-8a7e-0d55957126b7.jpg,19,1,1,A2,A2,0.9936811
19fdfc28-fa5e-437a-8784-50289123aafd.jpg,19,7,7,G2,G2,0.9934088
6a26cbec-9330-4afb-b26c-f7cf2248fcab.jpg,19,11,12,L2,L3,0.98656195
a33fd5a7-9415-4bf3-b5b6-c720b6198937.jpg,19,12,12,L3,L3,0.9709298
50bfa801-abde-4e85-a605-4115ae149184.jpg,19,19,19,P3,P3,0.9999765
9c5606af-e5c6-4903-956a-8fd8ca258e10.jpg,19,20,20,P4,P4,0.9915541
05e8b8e0-e4c4-46af-a739-889ba31a5de1.jpg,19,3,3,A4,A4,0.86868113
3af6d557-a688-4438-b9ff-ff33828a7fba.jpg,19,9,9,G4,G4,0.9999709
946875b8-3f12-4cd4-bc1b-52b0996b0af0.jpg,19,4,4,A5,A5,0.9995697
ea8664cf-b4de-4472-94d1-37750d9671e1.jpg,19,14,14,L5,L5,0.99883586
b8b201c5-83d8-4922-9aaf-84ad7a8d9739.jpg,19,21,21,P5,P5,0.99993026
713c6d2c-4463-4ed2-9367-d8716763153d.jpg,19,5,5,A6,A6,0.9999937
08adab73-a109-4966-8aaa-cbee1ccdc13b.jpg,19,15,15,L6,L6,0.9999721
26f97d8d-619d-4ce5-b925-06e61bc68910.jpg,19,22,22,P6,P6,0.9998274
8fe4d618-a366-4e52-9754-e27e5b0493c1.jpg,20,16,16,OTHERCLASS,OTHERCLASS,0.9998073
9c049576-94af-4224-b1c5-493d2e256b0e.jpg,20,17,17,P1,P1,0.999984
ec5ffa58-932e-41fc-a88d-dda149fba3f1.jpg,20,6,6,G1,G1,0.9486534
95fc9d4e-bfa0-488e-bfac-93ed193609a8.jpg,20,1,1,A2,A2,0.556499
52a8ad2d-a9a5-457e-afc6-efd20a52f640.jpg,20,11,11,L2,L2,0.9994012
3c98a62d-7008-4a57-8dc4-7da293193ae2.jpg,20,7,7,G2,G2,0.99996555
0282c4c9-1c1c-4926-a089-44ee7e958f8d.jpg,20,12,12,L3,L3,0.9155997
98c58423-a2b7-4bfe-b39d-157668f6b4c0.jpg,20,19,7,P3,G2,0.8153487
aad0b949-bf22-40dc-accd-32e089d7582b.jpg,20,20,20,P4,P4,0.9999746
9cc8610a-a289-481f-ba50-b182086abebf.jpg,20,13,13,L4,L4,0.9860342
bca0c6f6-4d49-4cee-9ed6-11a333af4d40.jpg,20,5,15,A6,L6,0.77862924
90d03b08-129b-4d0e-9fa7-5b544c38b865.jpg,20,15,15,L6,L6,0.99990416
18402025-7b4f-41ae-b1f8-bd280cec38c9.jpg,20,22,22,P6,P6,0.99992085
c127a2e4-26fd-4229-b6ff-552a76fb5888.jpg,33,0,0,A1,A1,0.9998878
2f003f6b-0c17-4f6d-bcf4-75167be873e5.jpg,33,6,6,G1,G1,0.9999999
9d1c80bb-7289-4113-aba4-f3be4d415986.jpg,33,17,17,P1,P1,0.9999428
308a8fda-dbdc-444d-bd9b-13983913b126.jpg,33,10,10,L1,L1,1.0
c5f35602-8b93-4ee7-9380-342af4936fbf.jpg,33,1,7,A2,G2,0.5498065
ae7ae70e-221d-4985-aaeb-073ef8f48228.jpg,33,11,11,L2,L2,0.70247257
d1785f50-927b-4ac3-ab33-e8f9cc461039.jpg,33,1,7,A2,G2,0.5349183
fad40a00-b8a3-4ffe-af52-849da478dc77.jpg,33,7,7,G2,G2,0.99986184
9028a025-71a0-46ce-bb5c-d3bf340d86b8.jpg,33,18,18,P2,P2,0.99963915
a2aef406-fafc-474e-a613-bf580f6a687c.jpg,33,8,8,G3,G3,0.98526657
cdb4c39d-8081-4e18-a655-bf078fe53fff.jpg,33,19,19,P3,P3,0.99966955
f59565a2-d7cb-415a-94a3-a1c380d772c9.jpg,33,3,3,A4,A4,0.99997854
d5fb4a0e-b688-4350-8480-1a5faf5fdb4d.jpg,33,13,13,L4,L4,0.99986994
823fa146-f7c9-4a02-ae3c-e01d0295110e.jpg,33,9,9,G4,G4,0.9455462
32319f7b-5401-471a-a351-58c25023c530.jpg,33,4,4,A5,A5,0.92187023
c67f1348-6eea-4dd1-ac60-e7c63a9e8b75.jpg,33,14,14,L5,L5,0.7711382
cf3ed831-977f-4d07-bf4c-d8df71944870.jpg,33,21,14,P5,L5,0.52468866
854b3d43-2ba1-4b55-bd8b-cda77e230cd2.jpg,33,5,5,A6,A6,0.9886674
7f669ea7-6f3b-4e32-9fa3-6c64f875add0.jpg,33,15,15,L6,L6,0.99999774
0d73bbf4-17c9-4ed5-8606-a9d7f162d821.jpg,33,22,22,P6,P6,1.0
51d8c4bc-1375-4f17-a4b2-db1047554a79.jpg,39,1,1,A2,A2,0.9964592
2d3b3213-a876-4d83-a0ff-a47d19a78cdb.jpg,39,11,11,L2,L2,0.8149253
b64dc988-3f7e-4a88-bbb1-343a06fb5e1a.jpg,39,8,8,G3,G3,0.98856676
b2c0825f-ac9f-4837-9fad-a5d81dd9decc.jpg,39,14,14,L5,L5,0.5446573
a7d8310f-a5ed-46b8-bff7-541e1135649f.jpg,39,5,5,A6,A6,0.9999324
0b7263ff-c63d-49f8-838d-d2bed1274a88.jpg,47,6,6,G1,G1,0.99999976
b63b1d0b-f41c-4198-b64e-4f4a68461cfc.jpg,47,0,0,A1,A1,0.9968022
401fc3b1-527c-4a45-a645-d4c550f8ad4f.jpg,47,17,17,P1,P1,0.9603583
f5f00713-1ede-4400-8632-66ac521efa3b.jpg,47,10,17,L1,P1,0.5740274
37915a2f-e777-4fbd-92ea-f90d1ba7c8ce.jpg,47,7,7,G2,G2,0.9561237
0a012fb0-15c1-4dc4-b916-66e139b1fd33.jpg,47,18,18,P2,P2,0.9992435
4ca25277-dfb8-443f-9393-ee1cbc154bdc.jpg,47,11,11,L2,L2,0.9999733
ca32363e-1104-4dec-bbbb-9be278a854fc.jpg,47,3,3,A4,A4,0.9989222
0ce890da-fe3c-4b76-8f65-2eb61f856eff.jpg,47,13,13,L4,L4,0.9999974
d2be6617-b485-4c66-9148-7def1849b446.jpg,47,20,20,P4,P4,0.9999993
7280d08a-02c0-4a9a-a68d-04ed9f829b81.jpg,47,9,9,G4,G4,0.97977453
60cda341-bb35-47bd-adec-dff0a822ad81.jpg,47,4,4,A5,A5,0.99973065
64d44073-94dd-4146-b626-8c44559876d4.jpg,47,14,22,L5,P6,0.37831205
44fe7231-d659-4926-a768-1cfa59b79334.jpg,47,21,21,P5,P5,0.9999405
79d5a75d-ad8a-4121-886b-9f171ec3238a.jpg,47,15,15,L6,L6,0.8671519
fde7171a-5ac2-4ae5-84ab-d62d2fcb0f65.jpg,53,6,6,G1,G1,0.9999926
fa100f28-de1d-4ea1-89e1-99c2321966aa.jpg,53,17,17,P1,P1,0.9999672
1bc88904-3e87-4e5d-9ac8-08073352953a.jpg,53,0,5,A1,A6,0.9416021
896f8e06-6550-4084-8cd0-36b8dd10581e.jpg,53,7,7,G2,G2,0.94516885
e58fa2d5-f827-4720-857b-7b20432f8b38.jpg,53,18,17,P2,P1,0.87137413
7c15787b-1641-416c-9ab9-fb141f034777.jpg,53,11,11,L2,L2,0.99999404
5c623cfe-c16c-4385-ae41-62b17e90e7db.jpg,53,8,7,G3,G2,0.95850164
2f646440-b90f-4d33-8bb4-37673d50040e.jpg,53,19,19,P3,P3,0.9931458
eb480a14-17a5-498a-b482-e28e6e6047d9.jpg,53,12,12,L3,L3,0.99552417
c355a123-e5a9-4272-b809-a51f285a280b.jpg,53,9,9,G4,G4,0.99904126
936ec352-6d82-4f48-866c-5552e2f9eb60.jpg,53,21,21,P5,P5,0.99987006
c1b40acb-70a8-4e27-8d17-fa76dc63f8d6.jpg,53,5,5,A6,A6,0.9885712
1e2eaf44-60de-4133-bca1-9d08b06065c0.jpg,53,15,15,L6,L6,0.9999894
579928e1-8619-45bd-adb2-0b7adad0e98a.jpg,53,22,22,P6,P6,0.9999994
28dbf8fe-144b-40e1-8399-04ce5b179dcc.jpg,61,0,0,A1,A1,0.9999914
60d503f3-e88b-4c02-bef1-79bcb59f4e68.jpg,61,6,6,G1,G1,0.99991286
bdb2d0d2-f811-4bc0-9db7-ba06151cc94f.jpg,61,17,17,P1,P1,0.9999993
d4360000-4e63-4331-950b-29ca1a015d07.jpg,61,10,10,L1,L1,0.684426
ba126d6b-d473-45a8-8ca1-851e2ae0b076.jpg,61,1,1,A2,A2,0.9974663
4a33cb5c-95be-4435-85e3-7591cd50badd.jpg,61,7,7,G2,G2,0.9914874
bf1a54cc-d3a3-40ef-aa83-5a7ed18b6d61.jpg,61,2,2,A3,A3,0.9288062
f01c02dd-3152-4cdf-8397-7ae79516940f.jpg,61,8,8,G3,G3,0.9799588
bffa6e66-402b-4ec4-b3d7-014388ae68d8.jpg,61,19,8,P3,G3,0.719312
b85b338e-8c07-49fb-9df1-33226fd7b8ad.jpg,61,12,12,L3,L3,0.87234026
9d6026d1-1bd3-43d1-87c3-b3410366045d.jpg,61,3,3,A4,A4,0.99975044
7614b14b-8149-44f2-a11d-8e74d34c9da9.jpg,61,20,20,P4,P4,0.9999815
66a40d6a-6a09-4248-8944-252843c16a1b.jpg,61,4,4,A5,A5,0.99999976
d03b1a15-d18a-49c0-b861-a156619f1087.jpg,61,14,14,L5,L5,0.9896415
ca6ac831-f61a-4d03-b521-ab0a7b01c4d6.jpg,61,5,5,A6,A6,0.9999914
864eaaf9-9ca9-4791-a5b8-a564e1abfe5f.jpg,61,15,15,L6,L6,0.9996805
35a41635-b2d3-4201-8887-d167b46340fb.jpg,61,22,22,P6,P6,0.9999987
4967490a-6860-402c-85e2-f29533de8ad3.jpg,61,9,9,G4,G4,1.0
6efdd139-98b8-4d61-924c-a617af6483bf.jpg,64,6,6,G1,G1,0.9999745
3c36c22c-b2d8-4a34-b893-979b25ba148f.jpg,64,10,10,L1,L1,1.0
26f8c03e-f9b4-4b5e-91c5-a77877771506.jpg,64,17,17,P1,P1,0.99999964
13698dcd-d34c-45d5-b1bc-2034ebc0a9bb.jpg,64,1,1,A2,A2,0.9989248
1f190d8d-7e91-41c8-8aef-9b8890bd0276.jpg,64,18,18,P2,P2,0.99952865
3ffbb854-2112-4b26-be52-7da81324eb60.jpg,64,11,11,L2,L2,0.9998116
8621bd65-3c0b-4af8-b9b0-b8bb7d99ed50.jpg,64,8,2,G3,A3,0.94645846
10e706bc-3363-45c5-97f9-2c33f245c3a1.jpg,64,2,2,A3,A3,0.999305
1520ba12-87e8-4207-9f13-7442d1c22e63.jpg,64,12,12,L3,L3,0.9969087
9abc6036-8e86-4d69-a20b-0932c602ce5e.jpg,64,19,19,P3,P3,0.9989936
2d093273-4d4e-4971-abab-10b8e62cc0f1.jpg,64,5,5,A6,A6,0.99990463
a259c47b-f87d-4211-82e2-da7597c0a6f3.jpg,64,15,15,L6,L6,0.9999989
7b5bafab-ea39-4e5a-9145-3f3424332127.jpg,64,3,3,A4,A4,0.99963176
9ca7c68f-07de-4ddf-a8bf-169ae76919a2.jpg,64,20,20,P4,P4,0.9929675
1b2db904-757c-4855-873a-b84304ab0f62.jpg,64,9,9,G4,G4,0.99996376
a5055822-10bf-40d1-a370-1fccc253cdfd.jpg,64,4,4,A5,A5,0.9885465
87e879dc-3631-43ee-810d-94d8a03a7376.jpg,65,0,0,A1,A1,0.9999912
40b088f0-2744-411c-861c-6f91e39f2558.jpg,65,6,6,G1,G1,0.9999939
172b4a52-5f69-4de3-b5cd-f37b3b4ca3a9.jpg,65,17,17,P1,P1,0.99999857
2c9d6b4d-d864-46b0-b6df-27a254797731.jpg,65,1,1,A2,A2,0.9796173
35799342-03bd-499f-8275-217a5ddbf45f.jpg,65,7,7,G2,G2,0.9871853
8766e633-8a3e-4ea9-b6e3-3e7d873c4e16.jpg,65,11,11,L2,L2,0.8376575
5aeb2c1e-9fc6-4e58-b39d-d8acaa6aa7bb.jpg,65,19,19,P3,P3,0.9580719
8279f227-0ee9-49cb-84c0-636a2c12d4a0.jpg,65,5,5,A6,A6,0.9999306
dd15a063-d84b-41da-9437-6aec87f5dcaf.jpg,65,15,15,L6,L6,0.9429118
8fb717c7-42d6-40b3-913e-fec280a75f46.jpg,65,22,22,P6,P6,0.99994445
c020f7ba-464b-42a7-9784-74ace52b6224.jpg,65,3,3,A4,A4,0.9874987
dbf06f88-89df-4ed3-92e2-1559acf81a32.jpg,65,13,13,L4,L4,0.9999373
2a9cd9f2-904a-4105-9f11-88f1cb409f06.jpg,65,20,20,P4,P4,0.9585359
28526021-d7a7-45cf-8c1c-3f9e409e62a2.jpg,65,9,9,G4,G4,0.8964954
acdbdec4-14c9-4511-a52a-476ce4c0e195.jpg,65,4,4,A5,A5,0.9995976
13e5f43e-09bb-4260-9945-3e7d3c69740d.jpg,65,14,14,L5,L5,0.98225397
6397df10-8732-4564-9224-88671e2d4fcb.jpg,65,21,21,P5,P5,0.98812544
be9c2a09-1742-46b4-b5f8-4ad7d78da1df.jpg,69,17,17,P1,P1,1.0
ac4d029b-98e0-45cf-a56c-0e7928f1fce0.jpg,69,10,10,L1,L1,0.99999154
c8175b79-4b33-4ff5-82d2-433ad47911bc.jpg,69,1,1,A2,A2,0.9938974
b7b54eb6-33da-4126-b45e-7b0ea46950c9.jpg,69,7,18,G2,P2,0.72508645
1ed40f1d-27f2-46aa-a3a1-af101f6d1d9c.jpg,69,18,18,P2,P2,0.9833904
60cecdd6-b4bf-4f5d-95cf-880c5319c6b1.jpg,69,11,11,L2,L2,0.97557753
e38efcfd-28c1-472e-86f7-e18bfe8ffd46.jpg,69,8,8,G3,G3,0.9996183
8399ed25-f9f7-4fdc-920e-9f750402ae16.jpg,69,2,2,A3,A3,0.998926
2d024755-3416-41a3-99e2-5f577e539f7e.jpg,69,19,19,P3,P3,0.9998331
613d959c-f97b-4781-9ab2-d86800c52ce1.jpg,69,12,12,L3,L3,0.88563114
9a483f59-9e94-4d92-9e63-06af8457b7dd.jpg,69,5,15,A6,L6,0.9935114
deef8709-bb93-48e1-8149-d8fd862b4184.jpg,69,15,15,L6,L6,0.9999845
9c6dfe4c-e7cd-4a81-ab71-3343a945d4b8.jpg,69,22,22,P6,P6,0.9999988
faf01e0e-ee77-414a-b680-9d434c49b250.jpg,69,13,13,L4,L4,0.9793188
e1bef217-8ed0-4f0f-92f8-d7bb3d40a4fc.jpg,69,20,20,P4,P4,0.9999589
a9cc09d8-34d5-4833-bfa9-ea39d8ff9033.jpg,69,9,9,G4,G4,0.9998313
46ea42ca-d559-4766-98c7-d44260dfd9be.jpg,69,4,4,A5,A5,0.99999464
db15b8de-e4ca-42e4-ac60-5abdf742d8d1.jpg,69,14,14,L5,L5,0.99653685
91f65455-e50e-4fcf-b895-5f0c5e016dc8.jpg,69,21,21,P5,P5,0.99482936
020c7898-dfd8-4e79-9d09-073536afca23.jpg,70,17,17,P1,P1,0.99497753
18506a0a-f599-4fd4-942a-d47c0a571693.jpg,70,0,0,A1,A1,0.9490493
4c060f3e-da64-498e-a80d-af1b2436bfbb.jpg,70,10,10,L1,L1,0.876178
1acfcdff-b86c-48d8-8e7c-9b40696c6460.jpg,70,18,17,P2,P1,0.7622512
b68a7b20-ad9e-47d7-8bb5-1e388f3feb86.jpg,70,11,11,L2,L2,0.9996525
a732abbd-f6e5-4fff-a832-c4b031e0439f.jpg,70,8,8,G3,G3,0.41942364
2634450c-57eb-40fe-9292-d504a5667651.jpg,70,2,1,A3,A2,0.8656968
a9eafd6e-fd39-47cf-b140-dd84267f445f.jpg,70,19,18,P3,P2,0.9793355
0fb83390-5662-4878-b89e-893cfa44402f.jpg,70,12,11,L3,L2,0.42811874
bb1a9dea-92df-4fc5-ba5c-730bd04824fa.jpg,70,13,13,L4,L4,0.81830937
2b95abe9-905e-41ca-92d0-2aa296797fbc.jpg,70,20,9,P4,G4,0.86703473
6b76406a-68a7-4cc4-bc15-944299cbe33c.jpg,70,9,9,G4,G4,0.9712676
9fb783d8-8ddd-4295-bd6f-c17da0e136f6.jpg,70,4,4,A5,A5,0.9955745
fb4a8a7e-ce01-4524-afe7-4416a76e6c59.jpg,70,14,14,L5,L5,0.9933368
65244446-a8c9-427e-8fcc-f1ea93add65a.jpg,70,21,20,P5,P4,0.8839501
c365d5c9-54a8-4eb3-943a-23081fdf367d.jpg,70,22,22,P6,P6,0.99563026
1c964e33-53b8-4328-a58e-9d783d555f08.jpg,70,15,15,L6,L6,0.9644436
df36a191-b222-42f6-8409-40ac8a5859e0.jpg,71,16,16,OTHERCLASS,OTHERCLASS,0.99934775
2b2e407a-7788-4d0b-a902-b87392413f69.jpg,71,10,10,L1,L1,0.99931884
00341563-a674-4917-aa60-562555aa1ea9.jpg,71,0,0,A1,A1,0.88561505
8a523810-8d5a-461f-a541-a66d5db50e81.jpg,71,6,0,G1,A1,0.50562286
dc32944b-c7f3-4621-bcc7-6bc487b1b657.jpg,71,17,17,P1,P1,0.99999154
65cd6629-77ff-472d-98fa-7dbf0c80d18d.jpg,71,1,1,A2,A2,0.9991622
6ab9bbc3-faa8-4eed-8286-59f3e74e54f9.jpg,71,7,7,G2,G2,0.9999888
9897276d-eba0-4400-b280-75ef65243d44.jpg,71,18,18,P2,P2,0.999997
4add495d-3933-4c70-a429-b176f4d2925b.jpg,71,11,11,L2,L2,0.997914
efb8789b-7230-4070-a32a-b024175dfa18.jpg,71,8,8,G3,G3,0.9126835
d1dcefc9-51da-4ba4-8ab2-56fa3c9962ca.jpg,71,2,2,A3,A3,0.9875702
b0437549-5eb5-4ac6-b5f7-eccbea6fb3ae.jpg,71,19,19,P3,P3,0.99711347
0b7ef7a8-4d5c-4b18-9615-5aa21ab18f04.jpg,71,12,19,L3,P3,0.4862234
c82fd53e-71f9-49fd-af1a-208c00b7492e.jpg,71,22,22,P6,P6,0.98152936
b7a17ffa-6bd6-4f8a-aecc-cc3cb209d625.jpg,71,13,13,L4,L4,0.99999154
2104fa51-2a21-4e14-a5db-28dd9ed4ae27.jpg,71,20,20,P4,P4,0.99994636
f488f09d-553e-4807-8b24-0c3ffd52ec14.jpg,71,4,4,A5,A5,0.9976762
6d0d3613-dc0d-4614-99e8-c69cd69b19de.jpg,71,14,14,L5,L5,0.9998908
09e226bb-3edf-41ea-ac01-26a58cdef62f.jpg,71,21,21,P5,P5,0.9944449
89b7483b-48ad-4282-b880-788ad306a555.jpg,71,9,9,G4,G4,0.9998983
ee28cdee-15d2-42e2-add6-150d7eb8a013.jpg,71,16,16,OTHERCLASS,OTHERCLASS,0.9999994
4e899899-2b31-4419-99aa-1de92ea8c94d.jpg,71,16,17,OTHERCLASS,P1,0.8408105
dfe3b32a-1769-4816-906c-d6804b5cfb93.jpg,71,16,17,OTHERCLASS,P1,0.99610966
7ede06dd-9e48-4987-b6aa-b76775c25a18.jpg,74,17,17,P1,P1,0.9842279
ddbd3012-4238-4249-a4e0-f0f233494b52.jpg,74,0,0,A1,A1,0.7452911
2d7d5f45-a7a4-4dc1-8409-d0b9444ddaed.jpg,74,11,11,L2,L2,0.9998982
6361d971-451d-4c30-b1f9-b50224921f14.jpg,74,18,18,P2,P2,0.9996613
024cc792-823a-42cc-9ac8-074f5b8231a4.jpg,74,7,7,G2,G2,0.99979264
72b60e08-f9c4-4e26-affe-a1850fce04e5.jpg,74,1,1,A2,A2,0.99982303
653681c8-a435-40e9-98cc-a4c31d0c39d8.jpg,74,2,2,A3,A3,0.90327495
8c1a95a9-1d28-4b2b-a33c-05da723c9920.jpg,74,12,12,L3,L3,0.9381207
03237104-6bb7-43a1-a8d8-f92344e5e5ed.jpg,74,19,18,P3,P2,0.78266996
043faeb5-0cf1-49fd-82cf-1a5ee7ef48f5.jpg,74,8,7,G3,G2,0.99645054
c2882037-a809-4d60-b002-1bcce76c9a4f.jpg,74,21,21,P5,P5,0.69066954
9e9f3e34-350d-4d19-a228-0123a6fc9f72.jpg,74,22,17,P6,P1,0.66799617
8bdfe584-bbd3-4471-b2aa-3eb242436931.jpg,80,6,6,G1,G1,0.99999607
853d6fbf-0360-4da0-a6ce-b3a88b438a29.jpg,80,8,8,G3,G3,0.99997425
dfc97e7c-80b5-4f1a-b7d4-125ce450a824.jpg,80,2,2,A3,A3,0.9999496
bbeb5ae2-87a5-4505-ad06-96ba225f56fd.jpg,80,12,12,L3,L3,0.88557404
56367db4-7b25-418e-9f10-28f6f471fff3.jpg,80,19,19,P3,P3,0.9999056
58c758d1-dbda-4ccd-b773-fb176a6b6c16.jpg,80,5,5,A6,A6,0.5735666
d08a6209-d99f-46da-86d4-99147e3f5d2d.jpg,80,15,15,L6,L6,0.99978787
f8d7cd2c-c86b-4dbc-9359-2ce298892468.jpg,80,22,22,P6,P6,0.99999416
120f2c68-68fd-4c72-a2bc-b3440ab3a199.jpg,80,20,20,P4,P4,0.99999964
ba3c09a1-623b-418f-bcc1-c97b2546c1a4.jpg,80,13,13,L4,L4,0.9999994
f341ab29-1f86-4394-a35e-c25028e0ca58.jpg,80,3,3,A4,A4,0.9999294
04408f60-54b0-44eb-a0fa-8150d103efbb.jpg,80,9,9,G4,G4,0.9999956
d565fbef-e66b-42e5-94c5-bf318f97aee9.jpg,80,4,4,A5,A5,0.9602131
d21e7852-d1e0-4366-a3f3-72d23822d0e2.jpg,80,14,14,L5,L5,0.93810207
f62e494e-8021-4392-ba97-40c177fd9493.jpg,80,21,21,P5,P5,0.9999949
ce24d990-00c9-48d2-933b-ff7828cc9b06.jpg,88,16,16,OTHERCLASS,OTHERCLASS,0.999848
5dbd8ea6-eb2a-417d-ab7f-e2aa4247dd56.jpg,88,16,7,OTHERCLASS,G2,0.9533069
52ab27c4-6ca8-4bc5-badf-73509d48ede8.jpg,88,16,16,OTHERCLASS,OTHERCLASS,0.71054536
2ea63393-9c68-4e00-a4ca-524b00db1785.jpg,88,0,0,A1,A1,0.99930644
b13188cf-2a91-4600-a6ea-e7312e579644.jpg,88,11,11,L2,L2,0.99953306
81160ded-e1dc-4bc4-a8d9-daa9b58ff9b2.jpg,88,12,12,L3,L3,0.5675026
f2bd383e-0370-4b6d-b665-0851a2482aa1.jpg,88,2,2,A3,A3,0.64612633
08c49051-86dc-4d46-9ac2-b497db7f6d7a.jpg,88,9,9,G4,G4,0.99764144
0841e64e-41ae-4bd9-8d0c-a354c3cdd35d.jpg,88,4,4,A5,A5,0.98639864
2da9cdc0-e408-467b-8449-c1bd5ba6d16a.jpg,88,3,3,A4,A4,0.99787104
3780553f-b8b7-496e-9aa2-f7332662bed3.jpg,88,15,22,L6,P6,0.52605927
317ed707-930d-4dcf-bd9a-41ba336caa24.jpg,88,22,22,P6,P6,0.9999963
1d825e61-ab86-495d-8d20-b8a105decb44.jpg,88,5,2,A6,A3,0.5088374
3c57c88c-042d-4f07-a2a6-22bd5077ea9a.jpg,94,0,10,A1,L1,0.828802
ea8dc550-8600-4e1c-9c81-529926d76d02.jpg,94,3,3,A4,A4,0.9999026
b2e288bf-836d-4acd-9426-03c1402ce703.jpg,94,10,10,L1,L1,0.99801636
32ac4b15-89dd-4b77-887d-6204650a5a52.jpg,94,17,17,P1,P1,0.93342364
1d4ed685-c29f-4f45-a4bd-5e010b7aa80a.jpg,94,6,6,G1,G1,0.9386355
b7998f9e-b952-4808-aa5f-5d60f2447387.jpg,106,0,0,A1,A1,0.9999999
e72fc204-c04f-493f-9085-67e9ea057b9c.jpg,106,17,17,P1,P1,0.99986196
d8091666-0865-4073-8750-2b3b9c8fb3ee.jpg,106,10,22,L1,P6,0.99971026
7639eeb9-1ef3-4a7d-9b69-8493caff4465.jpg,106,1,1,A2,A2,0.9999789
0223c944-c79c-4d70-8aae-a2fc87439cc2.jpg,106,7,7,G2,G2,0.99999285
c264640c-e980-4de4-a87a-1e4731b69199.jpg,106,11,11,L2,L2,0.9999579
9ce20081-cb97-4134-a2e2-5207efc58bbd.jpg,106,8,8,G3,G3,0.9931942
3d417422-03f5-40ec-83ab-706f59dc07e9.jpg,106,2,2,A3,A3,0.9998977
36ebfc00-d962-4889-9447-801c604afe91.jpg,106,19,19,P3,P3,0.9996575
dae366ba-70e7-47d9-8682-0752978f539f.jpg,106,12,12,L3,L3,0.99998415
d1216de5-8df9-48bd-8d6c-6e8143808fca.jpg,106,5,5,A6,A6,0.9999324
345ec4ce-c3d1-484d-9ff4-0cf79b85e6ab.jpg,106,15,15,L6,L6,0.99914765
844a9f28-f7a3-49f1-9565-22ccae466f0f.jpg,106,22,22,P6,P6,0.99999523
1fa90eb0-1976-4582-8828-ed813f89e0ba.jpg,106,20,20,P4,P4,0.9505652
5c6298e6-153d-43ac-b4ac-8144449dbda7.jpg,106,13,13,L4,L4,0.9996799
523d043d-8fbf-41d7-8542-afe522ba577e.jpg,106,3,3,A4,A4,0.99979085
943571b1-f66c-4c36-b337-f05ad20c14ac.jpg,106,9,9,G4,G4,0.9821425
84181666-47ec-4a0f-8333-81045b5b729d.jpg,106,4,14,A5,L5,0.97787505
ec9c801f-325f-4481-8cc1-6d2110e495d9.jpg,106,14,13,L5,L4,0.8723128
acdb29d6-7f76-4c52-bdb6-779643de7ccd.jpg,106,21,21,P5,P5,0.97114784
8d49d1e2-736b-424e-abc2-4974eb54b784.jpg,109,10,10,L1,L1,0.99999905
7bd28a7a-c0cd-467e-aa55-7a80f2b9fdac.jpg,109,0,15,A1,L6,0.9824442
6d5332d0-d5d9-4287-9c65-ec6a79e3ce8b.jpg,109,6,6,G1,G1,0.99999416
0c50c253-5441-4403-a390-adeb422487ef.jpg,109,17,18,P1,P2,0.98155266
2d3a5b14-31f0-49f4-8f62-5ea09d35cd31.jpg,109,5,5,A6,A6,0.9994599
af80394a-6cf4-4380-93ba-95df320aab15.jpg,109,15,15,L6,L6,0.99975413
282038f6-4bf3-4a08-bbef-d08a60f16890.jpg,109,22,22,P6,P6,0.9964541
70036c60-abeb-4046-9a5b-cf07762ba2d1.jpg,109,7,7,G2,G2,0.9975973
8925d193-829a-464d-aa56-3baa57bae6f0.jpg,109,1,11,A2,L2,0.9557553
2897490a-985c-41ff-9923-a3bedd0dffb1.jpg,109,18,18,P2,P2,0.8886676
72d0e4b1-4931-4891-909d-1faf5b4dc1b6.jpg,109,8,8,G3,G3,0.9997893
a47f9e31-96af-4ec3-87e6-b7059cd8eda9.jpg,109,2,2,A3,A3,0.9014195
e973cf95-1292-45cf-8464-9ad5891e1c4e.jpg,124,10,10,L1,L1,0.99991536
95adf0d1-81d0-41cc-a2ac-c39a1d510012.jpg,124,0,0,A1,A1,1.0
98bf45f9-a249-4018-b6bf-5dd4db7f800f.jpg,124,17,17,P1,P1,0.9991755
5e169e5b-c8ca-4a45-b204-6784a882ba39.jpg,124,11,11,L2,L2,0.9988187
02bcfcc7-40ea-4649-8e41-375ca1956a0c.jpg,124,1,2,A2,A3,0.99164444
22ada208-9322-4c2d-b080-e5ac4ad61805.jpg,124,18,18,P2,P2,0.9962345
4bf879a4-2a2e-49dc-b44e-64f26e7da11a.jpg,124,2,2,A3,A3,0.59262925
885cc305-191a-4b3c-8c0f-433323eb85ca.jpg,124,8,2,G3,A3,0.62245744
b7bee728-0f9e-423a-8b73-e3d775df4062.jpg,124,5,5,A6,A6,0.9999994
25af0fdb-768a-4cbf-a0ff-90e51699a6ce.jpg,124,15,15,L6,L6,0.9989987
3b87b649-2a57-49bb-a209-6eb5c79232e1.jpg,124,22,22,P6,P6,0.999992
e70955b8-45ed-4661-a78b-2fd45d97f8b8.jpg,124,20,20,P4,P4,0.9999937
b35dc933-8ec7-4c4f-a6ed-7806d21bb9d3.jpg,124,9,9,G4,G4,0.99999666
f2ac7d76-19df-4a6a-8d63-ccf92e46fe5a.jpg,126,0,0,A1,A1,0.9999945
4eeca365-8c7f-4e22-b11e-7287e55e640c.jpg,126,10,10,L1,L1,0.9999995
9adaba9e-282e-4be5-ab53-c732c1bf170f.jpg,126,17,17,P1,P1,0.9990478
16b3dabc-449b-4e13-b925-6002fb64bb2e.jpg,126,6,6,G1,G1,0.9999999
f08af514-8001-487b-a989-0a19e07fca21.jpg,126,1,1,A2,A2,0.99992347
8d169256-f74b-452f-a2cb-fbb2d7c3e4e3.jpg,126,11,1,L2,A2,0.5381802
4d72696f-d565-4e6c-98ef-fc284931fbf2.jpg,126,11,11,L2,L2,0.8262939
0d588709-ad5a-4f05-a450-95dd02b2ceac.jpg,126,18,18,P2,P2,0.82886887
51e446a3-1f15-4aaf-897e-03a33cddd6b2.jpg,126,20,20,P4,P4,0.99981576
931c60d9-f744-4cbc-a06c-1fac08b0018e.jpg,134,0,0,A1,A1,0.99994266
88b2daa4-3ba9-4ba7-b4d8-6e07d08b4428.jpg,134,10,10,L1,L1,0.98917717
042716b1-1688-419a-9f2f-a266d3abdcb4.jpg,134,6,6,G1,G1,0.9999974
5f2a278a-427d-424d-99b1-3a52ae8c5a33.jpg,134,17,17,P1,P1,0.99997866
8aeb65b3-ca39-4ad7-9430-78feadf398e2.jpg,134,5,5,A6,A6,0.9999788
93faccee-b635-4c42-a7db-8393f95ff6b1.jpg,134,15,15,L6,L6,0.9999993
22eaf18d-e700-4572-b2fe-8ecd5c1322fa.jpg,134,22,22,P6,P6,0.99997354
f561026a-9ee7-4848-93e5-d737e9ff2e6c.jpg,134,9,9,G4,G4,0.98648816
59c4767a-1a33-4f97-83f6-65d54d4253fe.jpg,134,3,9,A4,G4,0.61764395
940028a2-1f78-429d-8f82-69686d54f49d.jpg,134,9,9,G4,G4,0.99975413
1d537776-4f39-4650-ab4f-51a6021b0981.jpg,134,21,21,P5,P5,0.9999939
167473e1-6fb9-4e5d-9887-6ccd622ce092.jpg,134,1,1,A2,A2,0.99967396
5712a5f0-cdc6-410f-8b6f-e6da406398d3.jpg,134,7,7,G2,G2,0.9996728
c16c7357-5840-4a30-897b-678324d82814.jpg,134,18,18,P2,P2,0.5867641
aba9f3fe-560d-4a51-abe1-9ae83ae33b81.jpg,134,11,11,L2,L2,0.9541058
b24ac634-7bd8-4d07-a8bd-4c161681db22.jpg,134,8,8,G3,G3,0.9135148
39a4acca-f243-49ca-afb3-88ef0323da76.jpg,134,2,2,A3,A3,0.8104714
cf7fc4ac-02c9-4f55-9146-7205e2808f51.jpg,134,12,12,L3,L3,0.9923375
f6e7fe06-b64a-4507-a8f6-b18a0a57f808.jpg,134,19,19,P3,P3,0.9783036
a8b1627a-9b7b-4052-9ac0-a173ae21932f.jpg,137,20,20,P4,P4,0.9999807
25f7d39e-d820-479c-8b29-a614d35edb91.jpg,137,3,13,A4,L4,0.99051523
3c0df87e-1959-443f-995f-6726f8a76d68.jpg,137,9,9,G4,G4,0.9884261
5227f4e5-d929-44b4-874c-4dd8676d7545.jpg,137,15,22,L6,P6,0.4158564
90dd1baa-1725-47cd-80b1-f399065ab702.jpg,137,22,22,P6,P6,0.9157851
caa01b14-665f-4e49-a39b-a6d8e4219a04.jpg,137,5,5,A6,A6,0.9999964
ecb34de5-5751-4e06-9ca8-95d9d3268141.jpg,137,10,10,L1,L1,0.7590144
eb197b7f-5f20-41ba-a7f1-0ca051081b24.jpg,137,17,17,P1,P1,0.9999999
076ef18f-a7d1-4dea-a543-76c46d524a74.jpg,137,19,19,P3,P3,0.9495127
58ad0c6e-94f4-4a50-a9d1-29c06dd7ca51.jpg,137,8,8,G3,G3,0.9881512
0a3fac9b-2150-432d-b6b3-b85ff8d6c169.jpg,137,7,7,G2,G2,0.7520311
2e6066fb-b508-496d-8599-55e1e0c7b918.jpg,143,0,0,A1,A1,0.9837494
9f720099-d90e-4def-8a38-ad62515380f2.jpg,143,10,10,L1,L1,0.99424887
d76aed26-d3dd-40a9-bdfe-b5771f68fd7d.jpg,143,17,17,P1,P1,0.99935216
43b4358f-5f4a-4543-89d8-ad6ccae36725.jpg,143,6,6,G1,G1,0.9999869
914fec85-5b03-4542-a6da-cca5cf82f504.jpg,143,9,9,G4,G4,0.92355394
ad71a5ec-b561-4c13-8df8-72e04d823a9d.jpg,143,4,4,A5,A5,0.9977126
91177c3e-1e5f-4758-bacd-f31811ad5752.jpg,143,14,13,L5,L4,0.9678802
545c04aa-53f2-457d-bf5e-1d94a50ae72a.jpg,143,21,20,P5,P4,0.6665082
39d18552-cb76-4f70-835f-d8e6462df48c.jpg,143,5,5,A6,A6,0.9998784
e4b0147b-1caa-4647-8240-bf3b24ba99da.jpg,143,15,15,L6,L6,0.46065983
e9200837-3b26-4816-adab-55a5ebfff3cc.jpg,143,22,22,P6,P6,0.9985507
11db6801-e0c5-423e-b418-cd2d87fc15e8.jpg,170,17,17,P1,P1,0.99493873
23380644-8b23-490e-aeb6-eceea5c6d58e.jpg,170,6,6,G1,G1,0.7787043
32d4fff8-4806-46e8-a0bc-2eede7a4fbde.jpg,170,6,6,G1,G1,0.9986915
b85b0032-7b0f-48dc-8326-3fa424f0cff0.jpg,170,13,13,L4,L4,0.99999726
92233ead-e33d-4076-b2ec-43725463eb12.jpg,170,20,20,P4,P4,0.99997747
fec6a04a-08a0-4a66-8c63-1f64dd4f0f73.jpg,170,9,9,G4,G4,0.99999905
1027dc04-7545-44aa-a8f9-411f04a9fc32.jpg,170,5,15,A6,L6,0.56021094
7ad4c6a8-43dd-4fa3-b3bf-bb827e534d8d.jpg,170,15,15,L6,L6,0.9999691
af0339b5-d914-4812-8d80-b30ffa3dabf8.jpg,170,22,22,P6,P6,0.9999957
7d76f04e-a2b6-425b-9c90-ea08dd2ad84d.jpg,170,12,12,L3,L3,0.987141
86391e3c-960c-4e66-bdd0-fa82c5089b21.jpg,170,19,19,P3,P3,0.99999964
77486ac2-2747-4dbe-910e-441e32f8fffc.jpg,182,3,3,A4,A4,0.98720205
14ee70a5-9d9b-4837-a0e0-7a757c25224c.jpg,182,13,13,L4,L4,0.999995
bb69dee3-86fa-454f-b1df-7e2328f8c5f4.jpg,182,21,21,P5,P5,0.99999905
8f0772fd-7ff5-40d3-b471-463464ea3a84.jpg,182,14,14,L5,L5,0.99903667
386a1739-e84b-49e1-901a-5913ef8e17ac.jpg,182,4,4,A5,A5,0.93534315
e04a881a-e56a-41e1-b042-4ed749ac5df1.jpg,182,9,9,G4,G4,0.9999417
6f7b64d9-6390-4c22-aa4f-533cf6efafde.jpg,182,22,22,P6,P6,0.99531424
e2548eaf-8c7f-4588-98da-7f496fbd81a7.jpg,182,15,15,L6,L6,0.9885557
69adf1a9-dddd-4f17-92ce-3eb4bab1e63c.jpg,182,5,5,A6,A6,0.9995659
6eca59e2-96c6-45eb-9536-b8db9ee26935.jpg,182,2,2,A3,A3,0.9990332
fe3f0a3d-7de8-469a-aef1-0838c3faf572.jpg,182,20,20,P4,P4,0.92302364
538bd0e5-cde3-46a5-9cf1-5aaa43165ca5.jpg,182,19,19,P3,P3,0.99994016
6eb09d91-e70a-4027-bdc0-0ca6187d3ac3.jpg,182,17,17,P1,P1,0.9999039
2e987589-ada5-4232-8448-71913e7808b0.jpg,182,10,10,L1,L1,0.99999964
3c72dd26-2571-4b24-8a46-2b5507a46ebe.jpg,182,1,1,A2,A2,0.99999154
c724f91a-9caf-4b77-9bff-e3b44f1bea60.jpg,182,0,0,A1,A1,0.9999974
a2256a32-9b08-4b34-970b-2dbf3bc66831.jpg,182,6,6,G1,G1,0.9984263
e64d3842-0366-4d5d-ba02-0d4145f3728d.jpg,182,18,18,P2,P2,0.9995384
c2d5d21c-18ec-43d7-8a18-344962437f27.jpg,182,11,12,L2,L3,0.54286087
3c86cbfc-e033-47ad-8aa3-87f28e15d74d.jpg,182,8,8,G3,G3,0.96115667
6f422315-b499-40f7-8fed-cf7d87dfd6fe.jpg,182,7,7,G2,G2,0.99994814
4f67da0a-055f-48a5-94cd-394afa531b7a.jpg,182,12,12,L3,L3,0.99995136
7daacb04-e934-41c8-8d54-3dabecaa7ae7.jpg,190,6,6,G1,G1,0.9999906
1ed54871-d817-4a4d-8dfc-68efecf52008.jpg,190,0,0,A1,A1,0.988993
3ea0f505-9d6b-40ba-97a7-5386eb5b870f.jpg,190,10,11,L1,L2,0.665766
db459495-0234-4b10-8a1f-bf05c007897a.jpg,190,17,17,P1,P1,0.7381852
7fc3d3e0-8647-457e-9226-2a271f1ac90b.jpg,190,7,7,G2,G2,0.9837879
ea43500c-30a2-4f65-bdaf-0c035fa7741e.jpg,190,11,1,L2,A2,0.78095007
0002e380-bfc0-43c7-b76b-187d6d97c226.jpg,190,1,1,A2,A2,0.99815
d4e1de0c-ebea-4284-bbf7-0d686c12e5ad.jpg,190,12,12,L3,L3,0.9995208
12c7c49d-37e0-4a9c-83c0-df2587cb3646.jpg,190,9,9,G4,G4,0.9999974
5a10c427-b17e-424b-bb13-3896e5cf1204.jpg,190,20,20,P4,P4,0.99999833
6060e341-1d82-4b51-8b05-7c92d21ae16a.jpg,190,13,13,L4,L4,0.9999889
c99fdd06-b404-4787-a412-d612394227a5.jpg,190,3,3,A4,A4,0.9967102
af761515-d54c-4e8c-aeaf-93246d12a085.jpg,190,4,4,A5,A5,0.9999949
5ad38637-8241-4b98-8dca-2368a4cb370e.jpg,190,14,14,L5,L5,0.9986613
09091d8f-fded-454f-a7e3-3c3e5203611b.jpg,190,21,21,P5,P5,0.9994246
3c871b49-f3bf-42bc-a984-4ea5f889f6c0.jpg,190,5,5,A6,A6,0.99938023
e69a21af-3ed7-4cbd-826f-67c21b442c9a.jpg,190,15,22,L6,P6,0.6842263
d7379bab-a2ca-4b89-b7bb-2eaf78efe3be.jpg,190,22,22,P6,P6,0.99999857
e7d04b1c-631c-4c66-93e2-af085a1b4852.jpg,205,0,0,A1,A1,0.9690372
8d7a61b3-6be6-4505-b398-ae310b510376.jpg,205,17,17,P1,P1,0.99258924
5594ddd8-703a-4590-9f94-bc8c228b3818.jpg,205,6,6,G1,G1,0.9999869
fd4178ed-1633-4c3d-9f22-9f1d013ae287.jpg,205,1,1,A2,A2,0.99881506
2ec92709-9d4a-4485-9fa1-d0e1d58dbc37.jpg,205,18,18,P2,P2,0.999997
5529e0d0-08cb-4f44-a4c0-89b4665db21b.jpg,205,19,19,P3,P3,0.99995065
b06d929f-995c-4a94-abe9-1bef9b905992.jpg,205,13,13,L4,L4,0.9999981
ca21fc01-3782-4c11-b0ce-8664841fd964.jpg,205,3,3,A4,A4,0.9998938
308cc1d5-05cc-46f0-a5ae-983a7d6ff337.jpg,205,9,9,G4,G4,0.9989342
42e40c9d-7f19-4de5-9272-93676a0e20c0.jpg,205,20,20,P4,P4,0.9999989
2a616f5d-589e-40cb-8f0a-6da0c9ea7a62.jpg,205,4,4,A5,A5,0.99982846
7481e7e0-2645-4afa-ac46-c8e1b1d583d4.jpg,205,14,18,L5,P2,0.6657805
fecf1187-cce4-4f11-9e42-a17785e2c399.jpg,205,21,21,P5,P5,0.9999882
4d781f89-fc9f-43ba-b62b-6a02f873688d.jpg,205,15,15,L6,L6,0.99967
e12aaaa7-9198-4a35-ab66-6ec7bbb43404.jpg,205,22,22,P6,P6,0.9998273
6f3fd282-d66b-4893-8661-97ce78daeca6.jpg,205,5,5,A6,A6,0.99672675
1e7df140-2b9f-41ac-9338-1da2573c7797.jpg,216,17,17,P1,P1,0.88698316
085f0605-2a3e-40c6-a61a-12e607d32f6a.jpg,216,7,6,G2,G1,0.96449405
9117c8b6-132f-454a-9a2c-de85cf49d8e0.jpg,216,1,5,A2,A6,0.8248908
6877c68a-231e-4b35-a255-0485d4d85acf.jpg,216,11,11,L2,L2,0.9528923
1672da09-61e5-4d19-ba9f-294c8241195b.jpg,216,18,18,P2,P2,0.98480475
f1dd043f-bd0e-45c5-af2c-067e7001a721.jpg,216,8,8,G3,G3,0.98177725
c98db674-5e37-4a63-8b97-58bf624bb8fb.jpg,216,2,2,A3,A3,0.85653883
18144c3f-562b-4362-90f4-08d37f516a78.jpg,216,12,11,L3,L2,0.99983954
721af052-d4a3-4cb6-83ee-01cece9603e0.jpg,216,19,18,P3,P2,0.5056287
ac02a013-0a22-48e5-b6c4-f028dcc4b74d.jpg,216,2,2,A3,A3,0.85769403
bed132b9-162c-4132-920b-86c82d438c04.jpg,216,12,12,L3,L3,0.99444264
4fab2201-7f5c-452b-a909-7c2972c761c7.jpg,216,9,9,G4,G4,0.99999356
8d168c75-5f6e-4722-a61b-73dd66ab7e66.jpg,216,20,20,P4,P4,0.99998224
73fa726a-33b0-47dc-8d16-47ded19f3d93.jpg,216,13,13,L4,L4,0.99998796
9a248e96-209f-483b-8dad-e70725069c90.jpg,216,3,13,A4,L4,0.6445986
f1712546-2d48-42d9-af7b-387303f7b23a.jpg,216,15,15,L6,L6,0.74884206
d116164c-0546-4499-b36a-2e3898b019a4.jpg,218,0,6,A1,G1,0.71819365
6c82a11b-5335-43f7-9959-5d747f659634.jpg,218,10,10,L1,L1,0.9999559
702d399e-4808-49a5-bf3f-4450913c7ed9.jpg,218,17,17,P1,P1,0.9999856
70d7e0c7-a2e5-4aac-b61b-7a064406c613.jpg,218,6,6,G1,G1,0.99932814
fdd6562e-fa8f-4ab8-95cd-dcf616a778af.jpg,218,7,7,G2,G2,0.9996296
7457e1c4-d343-4aac-b0b4-9bfaa5e1eee5.jpg,218,1,1,A2,A2,0.9999372
7de8195f-ff2a-4e33-8a2d-1861c7cf6abd.jpg,218,11,11,L2,L2,0.99988663
01f2902a-bdd4-45c3-b34d-a10297ac2268.jpg,218,18,18,P2,P2,0.9904359
1be08b9c-c48b-42c2-9472-8a1cd7e583d2.jpg,218,12,12,L3,L3,0.60013825
6023f595-9614-43e6-bfb8-67eacc754da4.jpg,218,19,19,P3,P3,0.7154103
9a06992c-3f3a-4ded-b810-77fe5017c74c.jpg,218,9,9,G4,G4,0.9992489
12f0cb3d-bdc5-452b-8d6e-7146d9aba0d4.jpg,218,20,20,P4,P4,0.9999399
ed11c26b-e8f0-46d3-b178-d1a7842e0359.jpg,218,13,13,L4,L4,0.715421
4d3aaf5e-8e17-4a16-8b6d-11e7d30cb4f5.jpg,218,3,3,A4,A4,0.9999554
aed1fed3-a142-4967-a542-e17f8f3f3499.jpg,218,4,3,A5,A4,0.9019639
741870db-559d-49ee-a758-8026654d7465.jpg,218,14,13,L5,L4,0.9565267
4c611b0b-9cd4-4783-836a-b751bfcbe55b.jpg,218,21,21,P5,P5,0.5161378
5f74b1fc-fb2e-45be-afab-dee55480ad2e.jpg,218,5,5,A6,A6,0.965869
98a4d277-1508-4149-ab0d-97fe47e2119d.jpg,218,15,15,L6,L6,0.9997887
326f1113-1326-4285-9bc3-d97493005866.jpg,218,22,22,P6,P6,0.9999975
96556812-fb39-44de-adb7-c4cd03f51653.jpg,235,6,6,G1,G1,0.9993986
85bef7a8-6b21-4a60-abfc-06b97fb3d6eb.jpg,235,13,13,L4,L4,0.9999912
70634b4c-55de-4286-b504-73d7e90e2296.jpg,238,20,20,P4,P4,0.99963355
5b498013-1711-48b3-8d09-b9ff9a625fcf.jpg,238,13,21,L4,P5,0.5183275
a113e919-4ebb-44b2-854d-596f1bb5ee1e.jpg,238,3,3,A4,A4,0.99999917
791365f2-c157-40c3-98a7-5aef7cea01bf.jpg,238,9,9,G4,G4,0.99994195
dc7553a3-8174-487b-a2fd-85978bb7102c.jpg,238,22,22,P6,P6,0.9984811
62b3e62c-3f95-4fdc-b02b-6d94c9fb858c.jpg,238,15,15,L6,L6,0.9999678
ffc2dd05-9c36-44e0-8348-4be3f427abf6.jpg,238,5,5,A6,A6,0.9988564
d3b4b32f-4b1b-400a-bf05-0de14472389e.jpg,243,6,6,G1,G1,0.9966589
f37c84f3-0543-4662-be86-83eba82c54f8.jpg,243,0,0,A1,A1,0.9314538
07fcafd4-d6ca-4118-878e-c7239aba6643.jpg,243,10,10,L1,L1,1.0
5cf029f6-324e-4443-ae21-de0167bc2264.jpg,243,17,17,P1,P1,0.9999777
71747ce3-5756-4397-a7e8-fb73f22247f0.jpg,243,7,7,G2,G2,0.9735353
216f548d-2dd9-4788-ac1b-c48d2757164f.jpg,243,1,1,A2,A2,0.9945839
9b8506a7-d1a7-4419-90d8-70e3b1d8005f.jpg,243,11,11,L2,L2,0.9928998
905f9901-62b3-4367-85f9-306f874a2899.jpg,243,18,18,P2,P2,0.7489804
8c5dbce3-8173-4624-8c93-04b085b8b673.jpg,243,19,18,P3,P2,0.6269722
767f62d7-ccc3-47a3-8819-de06e4df6641.jpg,243,9,9,G4,G4,0.99796224
97929ee8-ef99-48e0-ad61-5bb4b30ab08f.jpg,243,13,13,L4,L4,0.9998791
c0a7ed5d-55cf-41b4-8840-bcdaac1b87fe.jpg,243,3,3,A4,A4,0.6444234
492c0343-1b08-49ff-8771-d782921edcc0.jpg,243,21,21,P5,P5,0.9999515
90bc44d6-d70c-4d39-b21a-362c8f485178.jpg,243,5,5,A6,A6,0.99976736
c4038620-a735-4ae9-9ffe-0fb31b6079b6.jpg,243,15,15,L6,L6,0.99987864
52181d06-929f-4ed6-bf0b-312d42ca809b.jpg,243,22,22,P6,P6,0.99355656
d80ba4e7-5071-4e41-95d7-a2562f608dd7.jpg,246,6,6,G1,G1,0.9592153
c78d64d3-a5f3-40ad-9f5e-b9bc94a2fc2d.jpg,246,0,1,A1,A2,0.96305126
6e048f29-f692-4948-b509-ee98a0a0f87c.jpg,246,10,11,L1,L2,0.9999887
717ed9b0-432c-4e4e-8153-c6066063b0a6.jpg,246,17,17,P1,P1,0.99992824
26b77112-93aa-4172-addd-d17c14c57f18.jpg,246,7,7,G2,G2,0.6502073
9d93c994-9469-40d9-a5d8-d81fd138ae60.jpg,246,1,16,A2,OTHERCLASS,0.5716979
20d84552-211b-4b24-9ebf-7f0c7d376685.jpg,246,11,11,L2,L2,0.9992373
36689059-a6b9-4a2a-8aed-1e618c142712.jpg,246,18,18,P2,P2,0.9006904
ea325932-7f76-47fd-b05d-185df236c7de.jpg,246,8,8,G3,G3,0.9859321
47d8f5cc-5ba8-42c3-a4de-1b5d0c554a27.jpg,246,2,2,A3,A3,0.9998647
9211bcd2-f443-4f00-a6b5-c9bd8e9123b4.jpg,246,12,11,L3,L2,0.98204994
d4ee2ed3-8f18-429d-a78c-29dbfcb3a9e7.jpg,246,19,18,P3,P2,0.5825864
58433d64-6cbb-4aeb-9b7b-b4ac123960ff.jpg,246,21,21,P5,P5,0.99999523
1fc5cc1a-2268-4e37-af46-ce5d634bd38a.jpg,246,5,5,A6,A6,0.99997044
27bae7c3-15ed-4b64-a6a8-178718cdf307.jpg,246,15,15,L6,L6,0.9999951
e0725c6d-078e-4277-a511-733c53006134.jpg,246,22,22,P6,P6,0.99556303
c8b8b31f-7035-4975-a42e-7e18c6c75975.jpg,251,10,10,L1,L1,0.84447366
a6fa91ae-01c7-4e16-b835-8330b799a306.jpg,251,17,17,P1,P1,0.9999963
f87c354e-831e-409d-8abd-da1256d7e29a.jpg,251,6,6,G1,G1,0.69734305
ec21d4cb-e2ae-4347-a6b3-cb2db81891a4.jpg,251,0,0,A1,A1,0.998911
3f7a0928-a92d-41f8-8a71-5b1d9da94d8f.jpg,251,8,8,G3,G3,0.56839556
f182d6b1-d898-4797-8e1e-3d652666d156.jpg,251,9,9,G4,G4,0.99993825
fcecf113-2af9-4fb8-94d9-ab6316116214.jpg,251,3,3,A4,A4,0.7727048
3532298c-ab79-47e5-a2f6-fcc00ad1228f.jpg,251,20,20,P4,P4,0.99681467
a3074793-7c31-4c9b-a436-a4343ab38439.jpg,251,21,21,P5,P5,0.91172594
24ffaa71-fd55-4037-a190-c89509404968.jpg,256,10,10,L1,L1,0.99963224
bdb4545a-0bb4-481e-9045-cb028d874d2d.jpg,256,17,17,P1,P1,0.9999912
7b501138-4899-4d14-b58c-ad7dbb2366f0.jpg,256,6,6,G1,G1,0.9998259
fae16b4e-1b46-4d26-9fba-d41198e741ee.jpg,256,0,1,A1,A2,0.5329686
b9f7088d-a131-4342-bc8b-54c27ebacb6f.jpg,256,11,11,L2,L2,0.9874965
975e44cd-0e53-47f4-a982-a306668caf7b.jpg,256,18,18,P2,P2,0.99809307
f98c58ec-2f13-4002-a435-5a2e849f8af6.jpg,256,7,7,G2,G2,0.64633334
d2d0889f-5e01-4d7e-aa25-77f62ec0c1c3.jpg,256,1,1,A2,A2,0.9840971
ae0bb88f-aeeb-43b8-a2ca-b843651d12c1.jpg,256,12,12,L3,L3,0.92841536
6bac845d-d88f-4d30-9f19-266ce4137075.jpg,256,19,19,P3,P3,0.9959175
e6732033-f86a-4f9b-9150-1baadc26f55c.jpg,256,8,8,G3,G3,0.9623636
2d4fa4ce-272e-4c8e-8fd1-16b8ccba930f.jpg,256,2,12,A3,L3,0.8142129
f7e88fea-cadf-437e-bb69-46a3ab276955.jpg,256,20,21,P4,P5,0.6090189
a1ae47f8-b7aa-4ee3-80b3-d40f53c5cc98.jpg,256,4,4,A5,A5,0.93021095
49829bba-4b78-4547-a7ce-81687edaf639.jpg,256,14,13,L5,L4,0.3835227
6bd3a3e9-e0f9-43f8-a25a-ef528410ca48.jpg,256,21,5,P5,A6,0.6156094
a3228970-3f8a-4d06-b769-a608ee4ee788.jpg,256,5,5,A6,A6,0.9998116
0ce80b0a-dbb2-47eb-af1c-8000ec4f736d.jpg,256,15,15,L6,L6,0.9999074
64b514e4-1a2d-4003-b237-b2109f5273d6.jpg,256,22,22,P6,P6,0.9967355
43999a17-7a2b-4250-b0fe-ee15fe43af0b.jpg,261,0,0,A1,A1,0.99999833
3d4d868f-b185-447b-9f70-bf43d7b2641e.jpg,261,10,10,L1,L1,0.97604555
068f3bc9-3de2-430c-8f32-58a99bd02c4f.jpg,261,17,17,P1,P1,0.99999344
446268bd-639e-4cf9-906c-6ba92454b590.jpg,261,11,11,L2,L2,0.9935855
99150ef8-c467-4a7f-8ac2-b61f85a593d3.jpg,261,18,18,P2,P2,0.5272824
43ff33f5-1489-44c5-8e7e-8ab2a3e59e55.jpg,261,2,2,A3,A3,0.81819457
239b6069-1030-4153-a1f9-5910620533d3.jpg,261,12,11,L3,L2,0.9977906
58958f84-4b33-44be-9b01-ef935cbba2f7.jpg,261,19,18,P3,P2,0.993644
d0e001be-d4c0-4639-bfb2-3832fcaac04b.jpg,261,20,20,P4,P4,0.999159
76b77216-bbb8-4be6-ab71-feb4f03c3d30.jpg,261,13,13,L4,L4,0.9999627
c311baaa-ee4d-4468-aeef-04a9b0889aa4.jpg,261,21,21,P5,P5,0.99964476
9bfa692e-8ec3-466f-8ed9-9b6951e96412.jpg,261,5,5,A6,A6,0.9999995
aeb23d75-1897-4d66-b456-7058c66bb771.jpg,266,0,0,A1,A1,0.99998426
e7280846-5dc6-4b02-8b8a-db25fe0b5752.jpg,266,10,10,L1,L1,0.984606
dac5a28b-cbfb-43cd-a223-88c51ea60562.jpg,266,17,17,P1,P1,0.99580103
4e3f0413-0316-4b29-b447-1c1e915a6cad.jpg,266,7,6,G2,G1,0.9998877
624e6402-0b34-4da0-b0ce-3cb3812c86ef.jpg,266,9,9,G4,G4,0.9999989
322b0922-2518-49b9-8471-093dd282cfca.jpg,266,20,20,P4,P4,0.9999218
ff589524-4dd4-4a0b-81aa-3c6dc83c6446.jpg,266,13,13,L4,L4,0.9994974
8efdf8c9-ccc8-41b0-b50e-ba725b635f2c.jpg,266,3,3,A4,A4,0.99944264
c28c1f53-db17-42dc-a46e-d97f541e1a6d.jpg,266,4,4,A5,A5,0.998276
9baf7918-7e11-44d8-b0e2-234dfee9e9b1.jpg,266,14,13,L5,L4,0.99876666
779efe9f-3b1e-441a-8f1c-f045ed92186a.jpg,266,21,21,P5,P5,0.9999919
d09dcdb1-9dec-4f1d-9b3b-ce01b7cc57ad.jpg,266,5,5,A6,A6,0.99999905
a62cd2da-1765-4865-a48f-68f7725fac86.jpg,266,15,15,L6,L6,0.9998876
7fa0b823-08b4-4590-b7e2-990627532f46.jpg,266,22,22,P6,P6,0.99999523
871300d4-75ee-4259-b024-67f55e901895.jpg,270,10,10,L1,L1,0.5571389
9e96ec1d-e64d-467f-9684-7de0fbb4a8c7.jpg,270,17,17,P1,P1,0.99997866
e8df4db7-2997-4ab0-b757-388f42a5ecfd.jpg,270,6,0,G1,A1,0.9306276
02b54f40-2f86-4b13-8b55-870711454f5d.jpg,270,0,16,A1,OTHERCLASS,0.51324624
691ea6f2-8fce-4d95-80a6-156f7ead6975.jpg,270,13,13,L4,L4,0.99998665
998c68f6-d5d2-4d14-8c54-ffc8b3c73c29.jpg,270,3,3,A4,A4,0.9600046
e0a3489c-1a08-4dc6-8e8f-5772e66654b4.jpg,270,9,9,G4,G4,0.99579597
f20c0c9d-914a-4c28-964c-ac39de04f2a5.jpg,270,5,5,A6,A6,0.95587534
448dc7bf-3e51-49a3-a0b3-c89fd19dd53e.jpg,270,15,9,L6,G4,0.7637545
9254f777-fe38-47d0-b1af-e36109103687.jpg,270,22,15,P6,L6,0.77175915
ad9bcecd-11a7-4bb8-a72d-21d117ec55b8.jpg,286,6,6,G1,G1,0.9945885
5a440c5b-798d-4d4a-9e58-72b0b6a98e45.jpg,286,10,10,L1,L1,0.90763414
40088d51-5bad-4e9f-95cc-a112b760e608.jpg,286,17,17,P1,P1,0.99545324
62fa7b47-e18d-4ff0-906a-45e8284e6259.jpg,286,11,11,L2,L2,0.99586594
a73c8236-1986-425f-bb69-e57590576a3e.jpg,286,18,18,P2,P2,0.9982957
902b4664-f70e-4eac-9888-c0cf3a5c5e6e.jpg,286,8,7,G3,G2,0.33367717
cb4ceea9-9a6c-496f-b34f-357b2b18620a.jpg,286,2,2,A3,A3,0.9874379
3c174a56-d2ce-4b59-ad34-91c349ce9a5d.jpg,286,12,12,L3,L3,0.999984
8d53a15e-162b-4012-bdb7-4ceb9a78ce1d.jpg,286,19,19,P3,P3,0.9991333
6d2e441a-e791-4025-8140-07cd1b39a177.jpg,286,9,9,G4,G4,0.9999764
74e644ee-e4c5-4939-976a-e105d989d4e2.jpg,286,20,20,P4,P4,0.99998784
9cfdeb8f-cabe-421d-af6c-a16042c6898a.jpg,286,5,5,A6,A6,0.6452823
990f973b-490e-480e-9062-a2eab07aa49d.jpg,286,15,15,L6,L6,0.99979943
46905b8c-2531-4e22-b987-c197e7c1dab6.jpg,286,22,22,P6,P6,0.9999832
6763a266-fec5-4475-a001-ab700d1ad114.jpg,286,21,21,P5,P5,0.98975104
56402eb7-fdda-4f06-9201-1e335b1dd246.jpg,304,10,10,L1,L1,0.92894197
d56157bb-e260-4731-bc5c-e4865d64c96a.jpg,304,0,0,A1,A1,0.9999008
5344bda4-cd13-4706-9040-ab030db6113f.jpg,304,6,6,G1,G1,0.9957217
cf442764-a22e-41dd-9e6b-e5afebfc6c13.jpg,304,17,17,P1,P1,0.6323271
4ff8ec75-e70d-4118-a3fd-d7c363653e9f.jpg,304,15,15,L6,L6,0.99956506
a09ef2df-b64f-443e-81f6-c837a46a90ed.jpg,304,22,22,P6,P6,0.99980193
8238f57a-2ad3-4fac-b7f5-33e2f1817841.jpg,304,20,20,P4,P4,0.9875601
51011ff1-8f10-428b-96f1-a4db6bcf2467.jpg,304,13,13,L4,L4,0.99943525
48d20d75-b791-421d-803c-61c3d3d41a16.jpg,304,3,3,A4,A4,0.9999083
b87f32ed-3232-4eef-b680-bef8e002439f.jpg,304,9,9,G4,G4,0.78676647
ccfaa76a-a467-4968-8576-b7c7ca7dbec9.jpg,304,14,14,L5,L5,0.9937022
b24c2320-ccc9-4859-a803-bbac4fd04fea.jpg,307,16,16,OTHERCLASS,OTHERCLASS,0.99472964
f39142de-1867-4517-b1ce-9f6f16243198.jpg,307,10,10,L1,L1,0.9933363
9090df90-c36c-4d7e-862d-b1333f43d7e7.jpg,307,17,17,P1,P1,0.99999917
b7c711b6-d6ff-4681-8a52-c10dfde42176.jpg,307,0,0,A1,A1,0.9998795
16ab98ab-31e0-4dc3-831b-25e8dc3dbcb1.jpg,307,8,1,G3,A2,0.9529873
a20c9418-bcba-44a5-ab64-8d36e64c9068.jpg,307,9,9,G4,G4,0.99899894
6b749789-b248-40af-b1b9-e8a314ddb550.jpg,307,5,5,A6,A6,0.98333055
eba88bff-e937-481b-bfe7-7e16d604446a.jpg,307,15,15,L6,L6,0.9998709
9a257752-3f47-458e-bc1b-d744c3edb5bf.jpg,307,22,22,P6,P6,0.9999747
6fd11eed-c5bf-4f39-84aa-e9f11f5aacb0.jpg,316,10,10,L1,L1,1.0
f11ec90f-60c7-42ac-884f-349893f9d8d7.jpg,316,6,6,G1,G1,0.9969921
4dfc74b0-dcdb-46d2-a15e-77965e2ae8d0.jpg,316,0,0,A1,A1,0.9999906
0bc883fc-5af2-4c59-83be-619fdbecabc0.jpg,316,17,17,P1,P1,0.999998
a36f62b8-cca3-4806-b1c1-362cf3601b81.jpg,316,7,1,G2,A2,0.820201
038ea3e3-9f92-4bc1-83cb-34cbb2578ca4.jpg,316,1,12,A2,L3,0.5529727
bfbd09a1-34fa-4c9d-a66a-d7914a2fcdc6.jpg,316,11,11,L2,L2,0.99760985
fdb34888-4a13-4536-a214-56d1edc4a40c.jpg,316,18,7,P2,G2,0.5283266
3fd7dd3a-c0d7-4fd1-b24e-6f585e02ceef.jpg,316,8,8,G3,G3,0.9805966
1c997acc-476a-4921-9829-9b922a79ffec.jpg,316,2,2,A3,A3,0.8243254
e833f378-5c8f-4244-bbe8-5b12d615f818.jpg,316,12,12,L3,L3,0.9992519
ab821f14-8a25-4bce-bdc8-f4d3b6f8a1ef.jpg,316,19,19,P3,P3,0.99151367
525df7e7-22d4-4fe6-a4fb-f79687f3a8f6.jpg,316,9,9,G4,G4,0.9999429
b6a34cfe-3e0e-4158-a43b-3dc7666632b1.jpg,316,3,3,A4,A4,0.9939638
031a040b-66f1-461d-bcfb-18f84af96feb.jpg,316,13,13,L4,L4,0.93431133
8b03fc3f-610a-461a-8223-eb5fed4fa4cf.jpg,316,20,20,P4,P4,0.9983134
9b8a6bd8-2059-450e-9748-014b8ac6561a.jpg,316,21,21,P5,P5,0.62057084
30ca3cc0-4ecd-455a-a75b-9e64fd47939a.jpg,316,5,5,A6,A6,1.0
a9247872-2003-418f-a4b5-3b69553a1099.jpg,316,15,15,L6,L6,0.99969625
6c859340-0afb-4908-94aa-bb740d2dba3a.jpg,316,22,22,P6,P6,0.9999993
578b1337-9fad-4d56-8aa6-6a93006fae88.jpg,327,0,0,A1,A1,0.97810066
ce84b64c-a7c8-477e-900f-a05a354d540b.jpg,327,10,10,L1,L1,0.9995573
262c32d7-40e6-4908-930c-72aa45a63b99.jpg,327,17,17,P1,P1,0.8394356
2fc820ef-33be-4fd7-87f1-e8b820fdf81a.jpg,327,6,7,G1,G2,0.98584193
d8321761-bb80-4f09-b413-253aaffc4cf2.jpg,327,0,0,A1,A1,0.38524744
a716aa78-64fa-464e-b55a-3d222779eb17.jpg,327,18,18,P2,P2,0.53347665
2990cf61-f043-42ce-8dff-98ef9bb6ffd8.jpg,327,22,22,P6,P6,0.9999989
49ef9659-50f0-495b-bad8-ab61c5e8b31b.jpg,327,15,15,L6,L6,0.9998765
8aa6f28c-e4ce-4eb3-bf92-b0f968b53426.jpg,327,5,5,A6,A6,0.99993026
8e99a149-001a-4625-aa23-9adc5acdbe34.jpg,329,0,10,A1,L1,0.9972485
e20901b8-8c33-438f-addf-a901d3afb8ca.jpg,329,10,10,L1,L1,0.99999964
7387d7a7-b914-4e42-ad72-35f467586c22.jpg,329,17,17,P1,P1,0.9999598
28caa47d-7ec5-4eb7-b7d2-e53006f49691.jpg,329,6,6,G1,G1,0.7253431
e42cb4af-14cb-44bf-bce8-6e905b983f99.jpg,329,11,1,L2,A2,0.892427
5a58fd43-80ef-471a-8fbc-3c28ea81f5cd.jpg,329,18,18,P2,P2,0.8142414
8537478e-2a49-4ab2-b246-4ddc3ce65527.jpg,329,7,7,G2,G2,0.9921467
46c87a30-f6cb-4c75-bfd9-7989d73d39a6.jpg,329,12,11,L3,L2,0.69264376
10feca98-f8f7-436c-a1e9-d4c2e3d47e9e.jpg,329,19,11,P3,L2,0.5134623
e83f763b-da24-4b36-a3e9-210db1cd8f01.jpg,329,8,8,G3,G3,0.9829621
e0893811-1c8c-4c42-a403-4bf35d502c8f.jpg,334,0,0,A1,A1,0.99999535
eba67103-1576-4930-b15e-28cb61990b6a.jpg,334,10,10,L1,L1,0.96788186
36cca2d6-d119-4744-966e-75ec3bf498a0.jpg,334,17,17,P1,P1,0.99968696
74e8ff8f-bd37-4415-9420-7d7edb683eba.jpg,334,6,6,G1,G1,0.9998944
d2d59961-fc05-41e9-bd0c-18c17e783fbc.jpg,334,18,18,P2,P2,0.99536884
82de62d3-7fb0-4534-8997-99c60aa3169e.jpg,334,7,7,G2,G2,0.66356695
d787ae23-79f9-454a-805b-3e1fc844019e.jpg,334,19,18,P3,P2,0.98697054
c7ab83a0-d2c0-45de-aa2a-fd3d2a26d26b.jpg,334,8,8,G3,G3,0.97121
1e95ec2c-8485-4534-86f9-f5447afe04c0.jpg,334,9,9,G4,G4,0.99998367
fe0348f4-cee9-481a-bfd6-d8c6b8cbd2c3.jpg,334,20,20,P4,P4,0.9678849
4c074955-16d7-40e5-b7f7-ab8723ea859d.jpg,334,4,4,A5,A5,0.99999523
fb0a5d62-d684-4f51-989f-62e31ec9cddc.jpg,334,14,14,L5,L5,0.96504986
c0fb030e-a4cc-4dd7-8769-724e51adeff3.jpg,334,5,5,A6,A6,1.0
86249db3-f4c7-4ce7-9941-997f30904ce0.jpg,334,15,15,L6,L6,0.9842151
09820a78-3247-4857-9312-44dc1a537402.jpg,334,22,22,P6,P6,0.9928296
858d9cf3-5c05-41b9-967f-a77917e73b2a.jpg,337,16,16,OTHERCLASS,OTHERCLASS,0.99999833
980aaf7c-f913-4566-8895-7351ee251f14.jpg,337,0,6,A1,G1,0.8586348
6ba24e5a-5b5c-496f-8b54-b450eb47bc49.jpg,337,17,17,P1,P1,0.9999676
13f6fa58-c564-4fd0-bb9c-eb75535a2b9b.jpg,337,6,6,G1,G1,0.99997604
286156a9-e858-4870-9006-b82e733ee3d3.jpg,337,8,8,G3,G3,0.9408373
0404c0d8-6075-46a9-b304-2193fe4ad477.jpg,337,19,19,P3,P3,0.6785155
d450341e-8bfb-4f29-98e5-8d8cfaa9387b.jpg,337,13,13,L4,L4,0.98100615
5d97f7c9-3452-46ce-b821-250ea226577b.jpg,337,3,3,A4,A4,0.9999895
31a9000e-3278-4ecb-bd1a-207b17dd39c7.jpg,337,14,14,L5,L5,0.68925494
a305e662-2c0c-4a86-abc0-ab244b2b6f65.jpg,337,5,5,A6,A6,0.9861514
4bb9cf73-5a64-4d70-92b9-17389c717255.jpg,337,15,15,L6,L6,0.99996245
619afaa4-3c91-443a-844c-276c660950d6.jpg,337,22,22,P6,P6,0.99993813
18e3fc5a-d156-462a-bbc6-65fa3505ad28.jpg,337,16,16,OTHERCLASS,OTHERCLASS,0.99993443
3b150a26-133c-499e-8030-e45aac6814d9.jpg,337,16,16,OTHERCLASS,OTHERCLASS,0.999972
58b88276-7a23-42dc-985a-9ab1e826d470.jpg,354,0,0,A1,A1,0.9847003
4c2691f4-ba78-46bc-8aa5-595399446d26.jpg,354,17,17,P1,P1,0.99999607
572227e4-fa66-4a38-9848-ef3ae28ef40b.jpg,354,6,6,G1,G1,0.99791175
1a106966-db2e-458c-b86a-20d65e45fd72.jpg,354,5,5,A6,A6,0.9998417
51ac7299-6cf4-421c-a994-3d8899cc9263.jpg,354,15,15,L6,L6,0.9901073
2d087f84-3313-4d32-a270-57677ec5eb27.jpg,354,22,22,P6,P6,0.95443237
bee8bc4b-0fb6-4f04-9849-68ac48c2af3d.jpg,360,0,0,A1,A1,0.99999905
af1dba3a-7afd-49a2-837e-24ca4a7b3047.jpg,360,17,17,P1,P1,0.999997
a7cce218-be05-461c-844c-6d4ea25569c5.jpg,360,6,0,G1,A1,0.5194993
bef596a0-c853-49f0-91a6-060a1741fe31.jpg,360,1,1,A2,A2,0.9989323
e51ec40b-df8f-425f-8bc1-a50891e1128a.jpg,360,18,18,P2,P2,0.9990414
c672320f-be32-41d0-8c57-0b95299e13bf.jpg,360,5,5,A6,A6,0.9999975
939319e4-d731-4231-9849-0da24128d155.jpg,360,15,15,L6,L6,0.9999511
53d5916b-5d39-474c-8747-2cb9c4a32897.jpg,360,22,22,P6,P6,0.99999726
ae26c0f7-9105-4f9b-9385-33fb7a5692f8.jpg,367,17,17,P1,P1,0.80389893
154cabb9-c2a1-449f-8416-95249b45e35c.jpg,367,6,6,G1,G1,0.99328184
4573096b-933b-4c45-a423-daa6fa5e5c17.jpg,367,11,11,L2,L2,0.99171025
3c46e039-c094-467f-9227-393ae0d80959.jpg,367,18,18,P2,P2,0.72984093
ddbcc6cc-96bb-4e21-a3cf-8ebbe1dccaea.jpg,367,12,11,L3,L2,0.51171595
fe4afa55-2e33-456a-b852-3b72347f5de0.jpg,367,4,4,A5,A5,0.93975
4e38f737-3e29-4256-87dc-bd8a0313df55.jpg,367,14,13,L5,L4,0.8877152
2ab0b5a7-4de4-4e7a-a065-a6bd5fce3abf.jpg,367,21,21,P5,P5,0.9999759
49be7117-4096-45d0-9f04-39ccb75554f8.jpg,367,5,15,A6,L6,0.9371807
a0a4ec53-c436-484f-b4e3-7d76075ea99a.jpg,367,15,15,L6,L6,0.97784287
9536085f-6307-4aa8-be64-d1e1aafce0ca.jpg,367,22,22,P6,P6,0.99999964
d8eb2e59-8af6-4732-bdaa-eeba2fd2407d.jpg,374,0,0,A1,A1,0.8351911
d44edfce-ca16-42bd-a602-6813eb3cb5f9.jpg,374,17,17,P1,P1,1.0
605b6d3e-c17f-43d8-ad58-5d6208fb99bb.jpg,374,6,6,G1,G1,0.99999833
d8242ede-e92a-43c2-80da-0278c47bea0a.jpg,374,1,1,A2,A2,0.99998593
1942330c-49b2-487e-95a1-bdea97b2f9f7.jpg,374,11,1,L2,A2,0.9986517
a84c1e8e-e217-462f-886e-5e8ca2090b8c.jpg,374,18,18,P2,P2,0.9607785
3fcb6e7a-6e31-4bb6-b6b9-88c029bd2305.jpg,374,7,7,G2,G2,0.9883033
221a7dee-0495-40d5-a9f9-efe78ceeebc4.jpg,374,2,2,A3,A3,0.98544705
804bfc85-ac8f-4edc-8d4d-b910f35f077c.jpg,374,12,2,L3,A3,0.95348287
703abeee-9ae1-44ba-99a7-b143de8f00c7.jpg,374,19,19,P3,P3,0.9185896
2edcf8c4-856e-41e0-a704-96bbb0c8a924.jpg,374,8,1,G3,A2,0.9069297
d9512659-de77-4754-aa76-18551c95af3c.jpg,374,13,13,L4,L4,0.99502534
a1a9137e-200b-4776-9d4a-f19bda5d6a5f.jpg,374,4,4,A5,A5,0.9981908
53da2093-8953-4179-b71b-3dde669ad50e.jpg,374,14,14,L5,L5,0.9900844
c5db18b8-e6a6-4868-a6c5-f7dc8e2dadbf.jpg,375,0,0,A1,A1,0.99962413
7d501e95-4846-468b-bf21-7d4492514129.jpg,375,17,17,P1,P1,0.99999976
a5d20183-5652-4ff9-98fb-e61d1267cfba.jpg,375,6,6,G1,G1,0.64445
7941b4f9-ce3d-4dde-a5a9-8c445a279119.jpg,375,8,18,G3,P2,0.5125592
05aaff21-05a7-4dec-8bc3-f6af3ef72858.jpg,375,2,2,A3,A3,0.9189073
7fa2030b-b74e-407b-9606-a7cd1cf37fc1.jpg,375,12,12,L3,L3,0.96825904
4ec251c7-530d-4fcf-a5e9-2f7efcf0b168.jpg,375,19,18,P3,P2,0.8823553
4b129915-6ee7-414b-bc88-16b1170b9eb3.jpg,375,3,3,A4,A4,0.99634606
adc9f316-a9af-4c71-8574-8d4cb811e6f9.jpg,375,20,20,P4,P4,0.99998844
a754c8ef-bc65-4764-8064-240fa90c2dde.jpg,375,5,5,A6,A6,0.99997187
70c2ef6b-3d92-4430-b113-172d2f60041a.jpg,378,0,0,A1,A1,0.9999989
5325625b-2ad4-49fa-839c-1229c3cc1d45.jpg,378,10,10,L1,L1,0.859663
dcbc6be6-2233-409e-bc54-18a03b231f76.jpg,378,17,17,P1,P1,1.0
e8fe3c95-3f7d-4599-9969-c4d033ea3eb9.jpg,378,6,6,G1,G1,0.99995255
859b934e-62b9-46c5-a89e-067d242e2921.jpg,378,1,1,A2,A2,0.9999707
cccb262e-73ea-4c03-a881-72adc835c810.jpg,378,11,1,L2,A2,0.6992423
de6df0bc-d1f0-4503-a096-9159b1f06f3e.jpg,378,17,17,P1,P1,0.99999917
aeeec84b-891d-47b8-86c5-caf9b2730355.jpg,378,6,6,G1,G1,0.72794294
c22a3e48-000a-45c2-b2b8-e49777c131b6.jpg,378,7,7,G2,G2,0.70333236
41670257-0f3f-4ff3-9556-46ccb347fd7d.jpg,378,8,2,G3,A3,0.97992975
a6d235b9-7c66-4f3f-b116-f93ba6dbfe7c.jpg,378,20,20,P4,P4,0.9987031
6d9c0e6c-b144-4029-8c50-7571e65285b1.jpg,378,14,14,L5,L5,0.99990344
05a5e28b-74b8-429c-8193-b51a3f485083.jpg,378,5,5,A6,A6,0.9999995
506a51ac-87f7-4c73-a727-9c0a39770be1.jpg,378,15,5,L6,A6,0.52911496
30c7dc84-3c0a-4696-8d55-4345b419fc41.jpg,378,22,15,P6,L6,0.98526025
e1af4789-c2ad-48d4-80e2-b15a171cd758.jpg,381,17,17,P1,P1,0.9999989
54e2ee67-5221-4b70-a084-2d1f137807b2.jpg,381,6,6,G1,G1,0.9811323
d4487700-acf9-4f44-b637-e70b5afa952b.jpg,381,1,7,A2,G2,0.5704133
e9809e7c-88bd-4855-a71d-6fa53c97342b.jpg,381,11,11,L2,L2,0.9539276
82cc1fe9-53be-44a3-99cf-c8fd56bc4b64.jpg,381,8,12,G3,L3,0.95984304
2a142a57-8bea-4246-bf36-cdbeae8fb882.jpg,381,2,2,A3,A3,0.9992316
e847a56a-8465-4a23-91d8-2cd727708396.jpg,381,12,12,L3,L3,0.68918395
100c5a98-11e8-4f9a-98b1-9d0c97caaa64.jpg,381,19,19,P3,P3,0.84155893
def1b3f7-c29f-4b1d-8f49-3ef5a2aaf48e.jpg,381,9,9,G4,G4,0.99063534
e458fbe7-7b7a-458c-9e4f-744f066a9ac6.jpg,381,3,3,A4,A4,0.9755677
7e7fc0cf-4685-4f04-9177-a9266e0a8e85.jpg,381,13,13,L4,L4,0.9999995
b51477d7-3520-4940-ab03-2bffac5bab23.jpg,381,20,20,P4,P4,0.9997167
47e17dc3-f5f5-4956-b894-2df16a33af77.jpg,381,4,4,A5,A5,0.95448947
4be962e2-535f-4613-a47a-85a9fec49745.jpg,381,14,21,L5,P5,0.7131147
d58555fc-c855-4493-affe-2dd52630d2ec.jpg,381,21,20,P5,P4,0.7956579
8d850153-f55f-493b-8dcb-a336fac6aa32.jpg,381,5,15,A6,L6,0.99688345
b33ab751-e569-4c8f-aaf5-69354266ca92.jpg,381,15,15,L6,L6,0.99997723
9bdca677-7d71-4e58-8d53-f2a9606141c3.jpg,381,22,22,P6,P6,0.9999695
fabacccf-7c0d-4800-afad-3ebe6842b0c3.jpg,383,16,16,OTHERCLASS,OTHERCLASS,0.9999486
f53d1381-b64f-4efb-a688-ca76a9cbdb70.jpg,383,6,10,G1,L1,0.6782782
3458e800-6b4d-4108-8abc-bae1bb286340.jpg,383,0,0,A1,A1,0.9997769
f4e034a6-d25c-4675-afc5-d01e3029e04e.jpg,383,10,10,L1,L1,0.9997613
bb8074f2-f1bb-4111-8de5-0a9eefd4fd5e.jpg,383,17,10,P1,L1,0.5390387
8770c9db-5e65-4be6-af03-31e5473c1e16.jpg,383,7,7,G2,G2,0.7707132
be39a427-a620-4980-8493-72b3cc2d341a.jpg,383,1,1,A2,A2,0.999966
def51b15-aee1-469d-b69e-6c2aba422715.jpg,383,11,11,L2,L2,0.9999994
9384e990-5290-46a5-ab38-80b19a412c0a.jpg,383,18,18,P2,P2,0.47986427
30f4de64-683c-4d0b-bbd9-de1a698e8079.jpg,383,8,19,G3,P3,0.9057692
91a0d6f0-3597-47f9-8f8e-6cde6380db30.jpg,383,2,2,A3,A3,0.9998789
a27548a5-439b-43fe-8c47-278b4535ff3d.jpg,383,12,12,L3,L3,0.9999795
f01c305e-9c2f-4ce3-ae02-42b2546444ed.jpg,383,19,19,P3,P3,0.9930265
f44ffdee-af4b-40d0-85e7-08db516ae5a2.jpg,383,9,9,G4,G4,0.9987558
3d8e05ae-62eb-4411-b48a-8d3d1e308d82.jpg,383,20,20,P4,P4,0.99985564
8e7bcf70-a2c6-4799-9b2b-a7120261d416.jpg,383,3,3,A4,A4,0.9974941
bc18516e-8df8-4dcb-8845-06e9c29735c7.jpg,383,13,13,L4,L4,0.99977726
ad8496bc-22b2-4032-b8e5-63804b90dd35.jpg,383,4,4,A5,A5,0.8967823
1ebd9689-4493-4545-94fe-759f9c7fd5fb.jpg,383,5,5,A6,A6,0.99791664
7e57592d-cf5f-48fd-b7c2-974343d10aeb.jpg,383,15,15,L6,L6,0.6439879
56949683-6db7-4bdb-b87b-738ace0020d2.jpg,385,1,7,A2,G2,0.88158745
ca75dfa5-d471-4dca-9d7a-720e6bb62001.jpg,385,7,7,G2,G2,0.75848466
6a3364a6-2f20-4441-a7c2-d3c82e8e80f3.jpg,385,12,12,L3,L3,0.7208288
8e2c2544-8bef-48f8-bf51-6d7a521a5fd5.jpg,385,19,19,P3,P3,0.9871409
eb4de452-862b-4c72-90a3-90eb2ef66777.jpg,385,9,9,G4,G4,0.7041285
cf4d966f-ce95-45dd-bb18-d93429e98b43.jpg,385,20,20,P4,P4,0.99651766
c4a13bd6-e10b-476a-8a3f-906f68b66ad6.jpg,385,13,13,L4,L4,0.9898162
edec1b0b-738e-453f-8bdc-62f1f919ac7b.jpg,385,3,3,A4,A4,0.70392734
52b27435-6eb6-4977-9af1-afdc0c7a8c3c.jpg,385,3,20,A4,P4,0.7292432
deb0c332-8869-47fb-b265-51ab0f877e06.jpg,385,21,21,P5,P5,0.9997036
